Link:;Tytuł:;"Ilość Wyświetleń:"
http://allegro.pl/i6919402522.html;"KRAUSE STABILO 10 rusztowanie 13,40m 741400";3
http://allegro.pl/i6919402997.html;"KRAUSE STABILO 10 rusztowanie jezdne 14,40m 741417";10
http://allegro.pl/i6749328477.html;"KRAUSE CORDA drabina aluminiowa 3x9";619
http://allegro.pl/i6749328669.html;"KRAUSE CORDA drabina aluminiowa 3x11 szczebli";737
http://allegro.pl/i6954236163.html;"KRAUSE Dopplo drabina alu. dwustronna 2x7 120434";26
http://allegro.pl/i6965490744.html;"KRAUSE Treppo drabina dwustronna  2x3 126030";5
http://allegro.pl/i6954383987.html;"KRAUSE Treppo drabina dwustronna schody 2x3 126030";11
http://allegro.pl/i6955322901.html;"KRAUSE Pomost montażowy 4 stopniowy 805041";3
http://allegro.pl/i6955323077.html;"KRAUSE Pomost montażowy 2 stopniowy 805027";3
http://allegro.pl/i6955323576.html;"KRAUSE Pomost montażowy 1 stopień 805010";4
http://allegro.pl/i6955323581.html;"KRAUSE Pomost montażowy 3 stopniowy 805034";11
http://allegro.pl/i6955820871.html;"Drabina jednostronna KRAUSE Stabilo 1x10 124562";15
http://allegro.pl/i6957412856.html;"KRAUSE ROBILO Drabina z linką 2x18 9,80m 120670";2
http://allegro.pl/i6957417120.html;"KRAUSE STABILO Drabina z linką 2x15 123411 8,45m";5
http://allegro.pl/i6957419841.html;"KRAUSE STABILO Drabina z linką 2x18 123428 9,85m";3
http://allegro.pl/i6957423266.html;"KRAUSE STABILO Drabina z linką 2x20 800701 10,95m";8
http://allegro.pl/i6957439855.html;"KRAUSE STABILO Drabina z linką 2x24 800749 3,10m";14
http://allegro.pl/i6957756634.html;"KRAUSE CORDA rusztowanie wys. rob. 5,0m 916129";43
http://allegro.pl/i6649868444.html;"KRAUSE ProTec XXL rusztowanie 10,30m 911186";10
http://allegro.pl/i6649869101.html;"KRAUSE ProTec XXL rusztowanie 5,30m 911131";39
http://allegro.pl/i6959154717.html;"KRAUSE Dopplo drabina alu. dwustronna 2x3 120397";7
http://allegro.pl/i6971412769.html;"KRAUSE SECURY drabina aluminiowa 1x4 126528 2,85 m";7
http://allegro.pl/i6971412772.html;"KRAUSE SECURY drabiny drabina aluminiowa 1x5stopni";15
http://allegro.pl/i6959212691.html;"KRAUSE Dopplo drabina alu. dwustronna 2x4 120403";9
http://allegro.pl/i6959213199.html;"KRAUSE Dopplo drabina alu. dwustronna 2x8 120441";23
http://allegro.pl/i6959213265.html;"KRAUSE SOLIDY drabiny drabina alu.1x5, 126238";16
http://allegro.pl/i6959213727.html;"KRAUSE SOLIDY drabina alu. 1x4 stopnie, 126221";27
http://allegro.pl/i6959244478.html;"KRAUSE CORDA drabina aluminiowa domowa 1x4 000705";12
http://allegro.pl/i6959244488.html;"KRAUSE CORDA drabina aluminiowa domowa 1x3 000712";15
http://allegro.pl/i6959249745.html;"KRAUSE CORDA drabina aluminiowa domowa 1x7 000743";11
http://allegro.pl/i6959250202.html;"KRAUSE CORDA drabina alu. domowa 1x6 stopni 000736";6
http://allegro.pl/i6959315845.html;"KRAUSE SOLIDY drabina alu. 1x7 stopni 126252";14
http://allegro.pl/i6959315844.html;"KRAUSE Podpora (ClimTec) do rusztowania 714039";2
http://allegro.pl/i6959317218.html;"KRAUSE SOLIDY drabina alu. domowa 1x8 126269";5
http://allegro.pl/i5399990107.html;"KRAUSE ProTec rusztowanie 7,30 m 910158";15
http://allegro.pl/i5399992375.html;"KRAUSE ProTec rusztowanie aluminiowe w.rob. 8,30 m";62
http://allegro.pl/i5400028341.html;"KRAUSE ProTec rusztowanie aluminiowe w.rob. 10,3 m";55
http://allegro.pl/i5400004118.html;"KRAUSE ProTec rusztowanie aluminiowe 9,30m 910172";12
http://allegro.pl/i5400035252.html;"KRAUSE ProTec rusztowanie aluminiowe 11,30m 910196";6
http://allegro.pl/i5400042851.html;"KRAUSE ProTec 2,0 Alu rusztowanie 12,30m, 910202";12
http://allegro.pl/i6072599732.html;"KRAUSE ProTec rusztowanie 6,30m 910141";14
http://allegro.pl/i6570878470.html;"KRAUSE MultiMatic drabiny drabina przegubowa 4x4";714
http://allegro.pl/i6570878485.html;"KRAUSE MultiMatic drabiny drabina przegubowa 4x3";871
http://allegro.pl/i5404001407.html;"KRAUSE STABILO 10 rusztowanie 4,40m, 731319";76
http://allegro.pl/i5404019025.html;"KRAUSE STABILO 10 rusztowanie 5,40m, 731326";27
http://allegro.pl/i5404134452.html;"KRAUSE STABILO 10 rusztowanie 6,40m, 731333";18
http://allegro.pl/i5404156996.html;"KRAUSE STABILO 10 rusztowanie 7,40m, 731340";18
http://allegro.pl/i5404162321.html;"KRAUSE STABILO 10 rusztowanie 8,40m, 731357";25
http://allegro.pl/i5404177878.html;"KRAUSE STABILO 10 rusztowanie 9,40m, 731364";9
http://allegro.pl/i5404194057.html;"KRAUSE STABILO 10 rusztowanie 10,40m, 731371";21
http://allegro.pl/i5404199349.html;"KRAUSE STABILO 10 rusztowanie 11,40m, 731388";17
http://allegro.pl/i5404214814.html;"KRAUSE STABILO 10 2,0 rusztowanie 12,40m, 731395";14
http://allegro.pl/i6962653878.html;"KRAUSE STABILO drabina jednostronna 1x8 124555";1
http://allegro.pl/i6963261700.html;"KRAUSE STABILO drabina przegubowa 4x3 123510";7
http://allegro.pl/i6963263297.html;"KRAUSE STABILO drabina przegubowa 4x4 123503";15
http://allegro.pl/i6963307994.html;"KRAUSE STABILO drabina jednostronna 1x8 124548";8
http://allegro.pl/i5501627927.html;"KRAUSE STABILO 10 rusztowanie aluminiowe 3,00m";210
http://allegro.pl/i6442958064.html;"KRAUSE Tribilo drabiny drabina aluminiowa 3x12";954
http://allegro.pl/i6760579458.html;"KRAUSE CORDA drabina aluminiowa 3x7";500
http://allegro.pl/i6760579900.html;"KRAUSE CORDA drabina aluminiowa 3x8";499
http://allegro.pl/i6760581492.html;"KRAUSE Tribilo drabina aluminiowa 3x10";407
http://allegro.pl/i6965367485.html;"KRAUSE STABILO Drabina magazynowa 4,35m 127549";3
http://allegro.pl/i6965390400.html;"KRAUSE STABILO Drabina przystawna 1x18 127082";9
http://allegro.pl/i6965390491.html;"KRAUSE STABILO Drabina aluminiowa 1x22 7,1m 127129";2
http://allegro.pl/i6965390724.html;"KRAUSE STABILO Drabina przystawna 1x20 127105";11
http://allegro.pl/i6965390786.html;"KRAUSE STABILO Drabina aluminiowa 1x24 7,6m 127143";6
http://allegro.pl/i6965391423.html;"KRAUSE FABILO Drabina rozsuwana 2x9 5,25m 120540";11
http://allegro.pl/i6965391642.html;"KRAUSE FABILO Drabina rozsuwana 2x15 8,45m 120564";6
http://allegro.pl/i6965391733.html;"KRAUSE FABILO Drabina rozsuwana 2x12 6,85m 120557";9
http://allegro.pl/i6965392107.html;"KRAUSE FABILO  Drabina rozsuwana 2x18 9,85m 121394";6
http://allegro.pl/i6965393077.html;"KRAUSE STABILO Drabina rozsuwana 2x9 5,25m 123121";3
http://allegro.pl/i6965393078.html;"Drabina rozsuwana KRAUSE STABILO 2x12 6,85m 123145";6
http://allegro.pl/i6965393858.html;"Drabina rozsuwana KRAUSE STABILO 2x15 8,45m 123169";5
http://allegro.pl/i6965393972.html;"KRAUSE STABILO Drabina rozsuwana 2x18 9,85m 123176";4
http://allegro.pl/i6965959802.html;"Noga przedłużacz podłużnicy do drabin KRAUSE";9
http://allegro.pl/i6965960121.html;"KRAUSE TeleMatic drabina przegubowa 4x5 122322";20
http://allegro.pl/i6966099593.html;"KRAUSE Pomost do drabiny MultiMatic 4x3 122261";20
http://allegro.pl/i6966099813.html;"Noga przedłużacz stabilizatora do drabin KRAUSE";15
http://allegro.pl/i6966374106.html;"Podest Drabina Rusztowanie KRAUSE VarioTop 121370";21
http://allegro.pl/i6762889397.html;"KRAUSE CORDA drabina aluminiowa 3x11";395
http://allegro.pl/i6762889961.html;"KRAUSE CORDA drabina Na SCHODY 3x9";505
http://allegro.pl/i6762890304.html;"KRAUSE CORDA drabina aluminiowa Na SCHODY 3x7";725
http://allegro.pl/i6158306922.html;"KRAUSE STABILO drabina aluminiowa 3x9 na SCHODY";405
http://allegro.pl/i6158328324.html;"KRAUSE STABILO drabina aluminiowa 3x10 na SCHODY";269
http://allegro.pl/i6966773258.html;"KRAUSE ClimTec rusztowanie 3m + Rolki 150mm 710536";19
http://allegro.pl/i6158368663.html;"KRAUSE STABILO drabina aluminiowa 3x12";997
http://allegro.pl/i6158395479.html;"KRAUSE STABILO drabina aluminiowa 3x14";1500
http://allegro.pl/i5418259217.html;"KRAUSE ProTec rusztowanie aluminiowe 6,30 m 910141";26
http://allegro.pl/i5150533033.html;"KRAUSE MobilTec rusztowanie aluminiowe w.rob.2,85m";176
http://allegro.pl/i5150555177.html;"KRAUSE MobilTec rusztowanie z rolkami w.rob. 4,85m";533
http://allegro.pl/i5150557256.html;"KRAUSE MobilTec rusztowanie jezdne 6,85m + Rolki";507
http://allegro.pl/i6526066413.html;"KRAUSE ProTec XS rusztowanie 10,80m 920089";10
http://allegro.pl/i6526066517.html;"KRAUSE ProTec XS rusztowanie składane 5,80m 920034";18
http://allegro.pl/i6526066488.html;"KRAUSE ProTec XS rusztowanie składane 7,80m 920058";8
http://allegro.pl/i6526066456.html;"KRAUSE ProTec XS rusztowanie składane 9,80m 920072";4
http://allegro.pl/i6526066582.html;"KRAUSE ProTec XS rusztowanie jezdne 2,90m 920003";12
http://allegro.pl/i6526066548.html;"KRAUSE ProTec XS rusztowanie składane 8,80m 920065";7
http://allegro.pl/i6526066618.html;"KRAUSE ProTec XS rusztowanie jezdne 3,70 m 920010";10
http://allegro.pl/i6526066673.html;"KRAUSE ProTec XS rusztowanie składane 4,80m 920027";18
http://allegro.pl/i6526066642.html;"KRAUSE ProTec XS rusztowanie jezdne 6,80m 920041";12
http://allegro.pl/i6526072412.html;"KRAUSE ProTec XS rusztowanie 11,80m 920096";7
http://allegro.pl/i6526079876.html;"KRAUSE STABILO drabina aluminiowa 3x12 z rolkami";173
http://allegro.pl/i6526079912.html;"KRAUSE Stabilo drabina aluminiowa 2x10 szczebli";31
http://allegro.pl/i6526199766.html;"KRAUSE ProTec XXL rusztowanie 2,90m 911117";18
http://allegro.pl/i6526200248.html;"KRAUSE ProTec XXL ruszt. 2,0 x 1,35m, 4,30m 911117";21
http://allegro.pl/i6526200926.html;"KRAUSE ProTec XXL rusztowanie 6,30m 911148";15
http://allegro.pl/i6526201290.html;"KRAUSE ProTec XXL rusztowanie 7,30m 911155";5
http://allegro.pl/i6526201547.html;"KRAUSE ProTec XXL rusztowanie 8,30m 911162";15
http://allegro.pl/i6526201734.html;"KRAUSE ProTec XXL rusztowanie 9,30m 911179";15
http://allegro.pl/i6526203536.html;"KRAUSE ProTec XXL  rusztowanie 12,30m 911209";11
http://allegro.pl/i6981651074.html;"KRAUSE ClimTec rusztowanie alu. 5,0m  bez rolek";4
http://allegro.pl/i6981677663.html;"KRAUSE Treppo drabina dwustronna  2x4 126047";6
http://allegro.pl/i6968449562.html;"KRAUSE RollTec rusztowanie jezdne 710307 2,90m";13
http://allegro.pl/i6968488563.html;"KRAUSE ClimTec Rusztowanie 7,00m bez rolek";24
http://allegro.pl/i6968598660.html;"KRAUSE ClimTec rusztowanie aluminiowe 3m 710116";14
http://allegro.pl/i6903918274.html;"KRAUSE ClimTec rusztowanie alu. 5,0m bez rolek";33
http://allegro.pl/i6970074307.html;"KRAUSE CORDA drabina przegubowa 4x3 085009";12
http://allegro.pl/i6904009545.html;"KRAUSE CORDA drabina Na SCHODY 3x11";174
http://allegro.pl/i6970900491.html;"KRAUSE SECURO Drabina wolnostojąca 1x4 126429";4
http://allegro.pl/i6970902135.html;"KRAUSE SECURO Drabina wolnostojąca 1x5 126436";4
http://allegro.pl/i6970902740.html;"KRAUSE SECURO Drabina wolnostojąca 1x6 126443";5
http://allegro.pl/i6970904166.html;"KRAUSE SECURO Drabina wolnostojąca 1x7 126450";5
http://allegro.pl/i6970915148.html;"KRAUSE SECURO Drabina wolnostojąca 1x8 126467";7
http://allegro.pl/i6971557190.html;"KRAUSE SAFETY drabina aluminiowa domowa 1x7 126351";9
http://allegro.pl/i6971662667.html;"KRAUSE STABILO drabina alu. 3x10 Na SCHODY 123947";13
http://allegro.pl/i6971662859.html;"KRAUSE STABILO drabina aluminiowa 3x14 123367";20
http://allegro.pl/i6767506126.html;"KRAUSE Tribilo drabina aluminiowa 3x9";191
http://allegro.pl/i5438119947.html;"KRAUSE STABILO 10 2,5  rusztowanie  3,0m, 731301";58
http://allegro.pl/i5438421101.html;"KRAUSE STABILO10 rusztowanie aluminiowe w.rob.5,4m";67
http://allegro.pl/i5438747369.html;"KRAUSE STABILO 10 rusztowanie 6,40m, 741332";37
http://allegro.pl/i5438800854.html;"KRAUSE STABILO 10 2,5  rusztowanie 7,40m, 741349";18
http://allegro.pl/i5438896327.html;"KRAUSE STABILO 10 rusztowanie 8,40m, 741356";26
http://allegro.pl/i5438934447.html;"KRAUSE STABILO 10 rusztowanie 9,40m, 741363";16
http://allegro.pl/i5439134197.html;"KRAUSE STABILO 10 2,5 rusztowanie 10,40m,  741370";13
http://allegro.pl/i5439154750.html;"KRAUSE STABILO 10 rusztowanie 11,40m, 741387";13
http://allegro.pl/i5439180046.html;"KRAUSE STABILO 10 rusztowanie 12,40m, 741394";24
http://allegro.pl/i6977009678.html;"KRAUSE ROBILO Drabina z linką 2x15 120663 8,45m";3
http://allegro.pl/i5438251444.html;"KRAUSE STABILO 10 rusztowanie 4,40m, 741318";13
http://allegro.pl/i6978398166.html;"KRAUSE STABILO Drabina przystawna 1x6 2,80m 127013";1
http://allegro.pl/i6978400589.html;"KRAUSE STABILO Drabina przystawna 1x9 3,60m 127037";2
http://allegro.pl/i6978525784.html;"KRAUSE STABILO Drabina przystawna 1x12 127068";3
http://allegro.pl/i6978527149.html;"KRAUSE STABILO Drabina alu przystawna 1x15 127075";1
http://allegro.pl/i6978528075.html;"KRAUSE SOLIDY drabiny drabina alu. 1x6 126245";1
http://allegro.pl/i6978530007.html;"KRAUSE SOLIDY drabina alu. 1x3 stopnie 126214";3
http://allegro.pl/i6978531061.html;"KRAUSE DOPPLO drabina alu. dwustronna 2x5 120410";6
http://allegro.pl/i6978532545.html;"KRAUSE STABILO drabina alu. 3x9 na SCHODY 123930";3
http://allegro.pl/i5441628746.html;"KRAUSE ProTec 2,0 Alu rusztowanie 4,30m, 910127";23
http://allegro.pl/i5441627538.html;"KRAUSE ProTec 2,0 Alu rusztowanie 2,90 m, 910110";23
http://allegro.pl/i5441629596.html;"KRAUSE ProTec  rusztowanie 5,30m 910134";21
http://allegro.pl/i6978837582.html;"KRAUSE STABILO drabina jednostronna alu.1x6 124531";5
http://allegro.pl/i6980313987.html;"Drabina dwustronna KRAUSE DOPPLO 2x6 120427 2,85m";8
http://allegro.pl/i6808468394.html;"KRAUSE CORDA drabina aluminiowa 3x10  010407";239
http://allegro.pl/i6808472350.html;"KRAUSE Tribilo Monto drabina aluminiowa 3x14";365
http://allegro.pl/i6326735329.html;"KRAUSE Tribilo drabina aluminiowa Na SCHODY 3x8";494
http://allegro.pl/i6551828163.html;"KRAUSE Stabilo Drabina dwustronna 2x3 124715 2,25m";67
http://allegro.pl/i6551830853.html;"KRAUSE Stabilo drabina aluminiowa 2x4 stopnie";126
http://allegro.pl/i6551831404.html;"KRAUSE Stabilo drabina aluminiowa 2x5 stopni";42
http://allegro.pl/i6551833616.html;"KRAUSE Stabilo drabina aluminiowa 2x6 stopni";55
http://allegro.pl/i6551844444.html;"KRAUSE Stabilo drabina aluminiowa 2x7 stopni";46
http://allegro.pl/i6551845128.html;"KRAUSE Stabilo drabina aluminiowa 2x8 stopni";49
http://allegro.pl/i6551846892.html;"Drabina dwustronna KRAUSE Stabilo 2x10 124777 3,9m";38
http://allegro.pl/i6551848720.html;"Drabina dwustronna KRAUSE Stabilo 2x12 124784 4,3m";37
http://allegro.pl/i6551854375.html;"KRAUSE Stabilo drabina aluminiowa 2x6 124906";44
http://allegro.pl/i6551855462.html;"KRAUSE Stabilo drabina aluminiowa 2x7 szczebli";24
http://allegro.pl/i6551856196.html;"KRAUSE Stabilo drabina aluminiowa 2x8 szczebli";25
http://allegro.pl/i6551858137.html;"KRAUSE ProTec XXL rusztowanie 11,30m 911193";23
http://allegro.pl/i6326931939.html;"KRAUSE Tribilo drabina aluminiowa Na SCHODY 3x10";762
http://allegro.pl/i6326932757.html;"KRAUSE Tribilo drabina aluminiowa Na SCHODY 3x12";347
http://allegro.pl/i6981797310.html;"KRAUSE Treppo drabina dwustronna schody 2x4 126047";6
http://allegro.pl/i6982828591.html;"KRAUSE TeleVario drabina przegubowa 4x5 122179";2
http://allegro.pl/i6982862096.html;"KRAUSE TeleMatic drabina teleskopowa 4x4 122315";1
http://allegro.pl/i6982863264.html;"KRAUSE TeleVario drabina teleskopowa 4x4 122162";1
http://allegro.pl/i6982864602.html;"KRAUSE STABILO drabina alu. 1x12 stopni 124579";
http://allegro.pl/i6982873073.html;"KRAUSE Uchwyt dystansowy do drabiny 122018";3
http://allegro.pl/i6982897117.html;"Półka / stopień do drabiny drabin KRAUSE 122063";
http://allegro.pl/i6982903168.html;"KRAUSE STABILO drabina alu. 1x4 stopniowa 124517";1
http://allegro.pl/i6552897022.html;"KRAUSE Stabilo drabina aluminiowa 2x12 szczebli";21
http://allegro.pl/i6552897806.html;"KRAUSE Stabilo drabina aluminiowa 2x14 szczebli";21
http://allegro.pl/i6982915262.html;"KRAUSE STABILO drabina alu. profesjonal.1x5 124524";1
http://allegro.pl/i6552898564.html;"KRAUSE Stabilo drabina aluminiowa 2x16 szczebli";16
http://allegro.pl/i6552899910.html;"KRAUSE Stabilo drabina aluminiowa 2x18 szczebli";24
http://allegro.pl/i6982929977.html;"KRAUSE STABILO drabina aluminowa 1x3 2,70m 124500";1
http://allegro.pl/i6983005637.html;"KRAUSE SIBILO Drabina przystawna 1x6 2,80m 121387";2
http://allegro.pl/i6983006751.html;"KRAUSE Drabina przystawna 1x12 Sibilo 4,40m 120526";2
http://allegro.pl/i6983007770.html;"KRAUSE SIBILO Drabina przystawna 1x9 3,60m 120519";1
http://allegro.pl/i6983012174.html;"KRAUSE SIBILO Drabina przystawna 1x15 5,25m 120533";3
http://allegro.pl/i6983023905.html;"KRAUSE SIBILO Drabina przystawna 1x18 6,05m 121813";3
http://allegro.pl/i6983036764.html;"KRAUSE SePro S Drabina anodowana, 1x4 124180";3
http://allegro.pl/i6983043528.html;"KRAUSE SePro S Drabina anodowana 1x5 124197";1
http://allegro.pl/i6983050146.html;"KRAUSE SePro S Drabina anodowana 1x6 124203";1
http://allegro.pl/i6983051791.html;"KRAUSE SePro S Drabina anodowana 1x7 124210";1
http://allegro.pl/i6983053736.html;"KRAUSE SePro S Drabina anodowana 1x8 124227";1
http://allegro.pl/i6983078247.html;"KRAUSE Pomost montażowy 5 stopniowy 805058";
http://allegro.pl/i6983098259.html;"KRAUSE Stabilo drabina z platformą i por. 6 127761";1
http://allegro.pl/i6983147104.html;"KRAUSE Stabilo drabina z platformą i barierkami 9";
http://allegro.pl/i6983148136.html;"Drabina magazynowa KRAUSE STABILO 4,10m 127792";2
http://allegro.pl/i6983292198.html;"KRAUSE ProTec rusztowanie aluminiowe 10,30m 910189";
http://allegro.pl/i6983305865.html;"KRAUSE ProTec rusztowanie aluminiowe 8,30m 910165";3
http://allegro.pl/i6983413995.html;"KRAUSE STABILO Drabina magazynowa 4,80m 127822";1
http://allegro.pl/i6983429266.html;"Drabina magazynowa KRAUSE Stabilo 3,65m 127778";
http://allegro.pl/i6983431045.html;"Drabina magazynowa KRAUSE STABILO 3,90m 127785";1
http://allegro.pl/i6983432816.html;"Drabina magazynowa KRAUSE Stabilo 4,35m 127808";
http://allegro.pl/i6983444605.html;"KRAUSE STABILO Drabina magazynowa 5,30m 127846";1
http://allegro.pl/i6983740331.html;"KRAUSE ProTec XXL rusztowanie 9,30m 911179";
http://allegro.pl/i6983742239.html;"KRAUSE ProTec XXL rusztowanie 4,30m 911117";
http://allegro.pl/i6983743602.html;"KRAUSE ProTec XXL ruszt. 2,0 x 1,35m, 7,30m 911155";
http://allegro.pl/i6983756414.html;"KRAUSE ProTec XXL ruszt. 2,0 x 1,35m 8,30m 911162";1
http://allegro.pl/i6983757988.html;"KRAUSE ProTec XXL rusztowanie 10,30m 911186";
http://allegro.pl/i6983759178.html;"KRAUSE ProTec XXL rusztowanie 5,30m 911131";
http://allegro.pl/i6983760264.html;"KRAUSE ProTec XXL rusztowanie 11,30m 911193";
http://allegro.pl/i6983761820.html;"KRAUSE ProTec XXL rusztowanie 6,30m 911148";1
http://allegro.pl/i6983763766.html;"KRAUSE ProTec XXL rusztowanie 2,90m 911117";1
http://allegro.pl/i6983774908.html;"KRAUSE ProTec XXL rusztowanie 12,30m 911209";
http://allegro.pl/i6983872587.html;"KRAUSE ProTec rusztowanie aluminiowe 6,30m 910141";6
http://allegro.pl/i6983886982.html;"KRAUSE ProTec rusztowanie 6,30m 910141";1
http://allegro.pl/i6983946738.html;"KRAUSE ProTec rusztowanie aluminiowe 7,30 m 910158";1
http://allegro.pl/i6984059859.html;"KRAUSE ProTec rusztowanie aluminiowe 9,30m 910172";1
http://allegro.pl/i6984061847.html;"KRAUSE ProTec rusztowanie aluminiowe 2,90m 910110";
http://allegro.pl/i6984064976.html;"KRAUSE ProTec rusztowanie aluminiowe 5,30 m 910134";
http://allegro.pl/i6984067036.html;"KRAUSE ProTec XS rusztowanie składane 2,90m 920003";
http://allegro.pl/i6984069987.html;"KRAUSE ProTec XS rusztowanie składane 5,80m 920034";1
http://allegro.pl/i6984097902.html;"KRAUSE Podpora do rusztowania (ClimTec) 714039";1
http://allegro.pl/i6777954252.html;"KRAUSE STABILO Drabina rozsuwana linką 3x14 810007";120
http://allegro.pl/i6777955038.html;"KRAUSE STABILO Drabina rozsuwana linką 3x16 810014";98
http://allegro.pl/i6777956371.html;"KRAUSE STABILO Drabina rozsuwana linką 3x18 810021";182
http://allegro.pl/i6917091596.html;"KRAUSE CORDA drabina alu.pomost roboczy 2x6 080011";91
http://allegro.pl/i6985769953.html;"Drabina wolnostojąca KRAUSE SECURY 1x4 126528";1
http://allegro.pl/i6985769989.html;"Drabina wolnostojąca KRAUSE SECURY 1x5 126535";1
http://allegro.pl/i6985900546.html;"Drabina wolnostojąca KRAUSE SECURY 1x6 126542";4
http://allegro.pl/i6639047109.html;"KRAUSE ClimTec rusztowanie alu.7,0m + Rolki 150 mm";106
http://allegro.pl/i6639047146.html;"KRAUSE ClimTec rusztowanie alu. 7,0m + Rolki 125mm";141
http://allegro.pl/i6639047211.html;"KRAUSE ClimTec rusztowanie alu. 3,0m + Rolki 125mm";72
http://allegro.pl/i6639047183.html;"KRAUSE ClimTec rusztowanie w.rob. 5,0m+Rolki 150mm";96
http://allegro.pl/i6639047245.html;"KRAUSE ClimTec rusztowanie 5,0m + Rolki 125mm";108
http://allegro.pl/i6986413639.html;"KRAUSE Treppy drabina alu. dwustronna  2x2 130020";1
http://allegro.pl/i6986435223.html;"KRAUSE CORDA drabina alu. 1x5 stopni 000729";
http://allegro.pl/i6986467610.html;"KRAUSE SAFETY drabina domowa 1x4 z PÓŁKĄ 126320";
http://allegro.pl/i6986477584.html;"KRAUSE SAFETY drabina alu. domowa 1x6 126344";
http://allegro.pl/i6986481474.html;"KRAUSE SAFETY drabina alu. domowa 1x5 126337";
http://allegro.pl/i6986483366.html;"KRAUSE SAFETY drabina alu. 8 stopni z PÓŁKĄ 126368";1
http://allegro.pl/i6986505997.html;"KRAUSE Ciężarek balastowy 10 kg do rusztowań";
http://allegro.pl/i6986583167.html;"KRAUSE STABILO drabina alu. 3x8 na SCHODY 123923";
http://allegro.pl/i6333917977.html;"KRAUSE CORDA drabina aluminiowa Na SCHODY 3x11";1057
